1,72,13,viewed,452329
2,41,60,checkFollowers,777086
3,52,53,leftANote,136413
4,57,25,viewed,117996
5,55,14,unaddedFriend,924322
6,22,43,messaged,645431
7,40,25,leftANote,591978
8,13,1,leftANote,876782
9,66,45,Screenshotted,263282
10,88,96,leftANote,902092
11,79,9,sentAPost,760641
12,65,64,messaged,453939
13,26,13,checkFollowers,491880
14,25,41,checkFollowers,321779
15,84,63,addedFriend,497985
16,69,20,commentedOnAPost,987457
17,21,4,addedFriend,121713
18,92,30,blocked,98946
19,71,42,addedFriend,822055
20,31,73,viewed,358591
21,14,9,sentAPost,991645
22,50,96,viewed,711344
23,34,36,unaddedFriend,765460
24,33,13,viewed,638964
25,16,27,commentedOnAPost,95641
26,44,22,Screenshotted,571220
27,53,20,sentAPost,394372
28,6,70,commentedOnAPost,143429
29,48,19,leftANote,392629
30,94,54,commentedOnAPost,967012
31,40,99,sharedAPost,811416
32,73,59,leftANote,193977
33,15,61,commentedOnAPost,723423
34,29,12,Screenshotted,316471
35,87,38,sentToAFriend,510156
36,18,53,unaddedFriend,818680
37,85,86,unaddedFriend,830694
38,17,18,messaged,41282
39,20,69,Screenshotted,640000
40,23,13,checkFollowers,749126
41,70,86,unaddedFriend,381559
42,26,100,addedFriend,597021
43,63,36,commentedOnAPost,323762
44,56,16,sharedAPost,714891
45,95,83,sharedAPost,403554
46,62,11,checkFollowers,357502
47,88,93,commentedOnAPost,295809
48,2,16,leftANote,591246
49,97,19,commentedOnAPost,749589
50,92,97,unaddedFriend,243644
51,43,63,likedAPost,646763
52,40,1,Screenshotted,853044
53,83,21,sentToAFriend,868382
54,66,93,commentedOnAPost,308813
55,38,20,unaddedFriend,527887
56,8,72,checkFollowers,305797
57,84,75,leftANote,466732
58,71,21,sentToAFriend,174215
59,65,82,addedFriend,885099
60,25,77,commentedOnAPost,33958
61,50,16,likedAPost,16525
62,12,75,sentToAFriend,39201
63,64,44,sentToAFriend,242717
64,29,26,checkFollowers,795615
65,67,95,sentAPost,369264
66,34,18,leftANote,614450
67,16,30,likedAPost,185189
68,52,32,unaddedFriend,996374
69,78,97,addedFriend,918116
70,29,61,sentAPost,281200
71,85,44,viewed,102496
72,86,80,messaged,49936
73,46,47,sentAPost,501399
74,97,10,addedFriend,180785
75,83,70,messaged,596238
76,64,82,leftANote,876086
77,29,35,unaddedFriend,458263
78,24,59,likedAPost,377581
79,8,97,likedAPost,363340
80,91,31,likedAPost,791053
81,9,80,addedFriend,190547
82,37,95,likedAPost,665336
83,64,94,checkFollowers,441497
84,34,79,leftANote,380923
85,17,15,addedFriend,63257
86,26,16,addedFriend,425099
87,47,42,sharedAPost,924180
88,91,42,Screenshotted,387592
89,4,74,unaddedFriend,379736
90,98,2,unaddedFriend,35836
91,70,31,blocked,156668
92,14,99,viewed,488794
93,72,12,messaged,849183
94,46,14,messaged,536833
95,17,52,commentedOnAPost,746413
96,67,71,addedFriend,645431
97,63,15,addedFriend,991708
98,23,3,sharedAPost,268464
99,52,32,sharedAPost,853608
100,11,82,unaddedFriend,606854
101,49,83,sentToAFriend,476893
102,1,48,messaged,161152
103,53,85,checkFollowers,706251
104,82,53,blocked,316173
105,38,20,Screenshotted,648273
106,81,42,sentToAFriend,395656
107,84,82,Screenshotted,416596
108,25,43,sentToAFriend,639283
109,63,86,Screenshotted,716806
110,19,53,unaddedFriend,264573
111,89,24,checkFollowers,46753
112,69,71,messaged,97726
113,69,12,leftANote,806891
114,95,99,addedFriend,255992
115,33,28,addedFriend,676722
116,53,48,unaddedFriend,967125
117,36,100,Screenshotted,563471
118,39,78,unaddedFriend,309613
119,76,86,unaddedFriend,615396
120,87,3,sentAPost,254334
121,20,76,addedFriend,285216
122,86,42,likedAPost,204340
123,27,34,messaged,216951
124,30,35,addedFriend,500256
125,55,42,addedFriend,798316
126,61,60,unaddedFriend,161923
127,46,42,likedAPost,799432
128,49,43,viewed,663298
129,20,2,checkFollowers,300962
130,9,59,Screenshotted,262448
131,86,17,messaged,353430
132,73,25,addedFriend,477897
133,91,30,blocked,585808
134,74,69,unaddedFriend,439602
135,67,97,viewed,279488
136,70,36,Screenshotted,677372
137,79,45,sentToAFriend,285285
138,61,5,viewed,811552
139,97,80,unaddedFriend,34885
140,86,87,blocked,923011
141,54,40,leftANote,263088
142,86,38,unaddedFriend,144624
143,7,30,addedFriend,252033
144,59,67,sentAPost,315746
145,38,39,unaddedFriend,211486
146,13,74,sentAPost,856249
147,74,4,Screenshotted,16373
148,72,95,commentedOnAPost,877953
149,71,7,messaged,450431
150,44,91,sentToAFriend,736433
151,73,45,sentToAFriend,797119
152,99,86,messaged,721639
153,53,80,checkFollowers,246273
154,42,48,Screenshotted,666862
155,44,80,blocked,16541
156,20,86,unaddedFriend,130489
157,30,83,messaged,387891
158,48,4,leftANote,487655
159,75,79,blocked,486061
160,91,58,messaged,432127
161,41,52,unaddedFriend,465410
162,23,28,messaged,91187
163,19,85,leftANote,600175
164,81,52,messaged,949982
165,87,17,viewed,625470
166,60,93,Screenshotted,961864
167,48,71,sharedAPost,618048
168,82,39,addedFriend,561758
169,4,72,likedAPost,728404
170,61,7,likedAPost,146620
171,3,21,commentedOnAPost,978848
172,88,57,checkFollowers,666789
173,78,60,leftANote,455828
174,37,45,Screenshotted,60870
175,56,54,addedFriend,409260
176,5,20,Screenshotted,216632
177,44,47,likedAPost,264748
178,48,11,addedFriend,896125
179,28,35,commentedOnAPost,118627
180,44,72,unaddedFriend,229120
181,66,100,sharedAPost,216874
182,89,6,unaddedFriend,161367
183,8,31,commentedOnAPost,647396
184,64,67,blocked,240514
185,91,66,commentedOnAPost,451902
186,51,89,unaddedFriend,88235
187,26,40,leftANote,700461
188,65,11,likedAPost,282981
189,85,86,sharedAPost,689716
190,4,46,blocked,566382
191,6,90,unaddedFriend,749661
192,98,3,unaddedFriend,838575
193,10,32,checkFollowers,592253
194,38,13,viewed,433720
195,86,51,viewed,2098
196,49,89,sharedAPost,66054
197,98,58,checkFollowers,79078
198,13,43,Screenshotted,366207
199,99,8,likedAPost,966027
200,87,59,sentAPost,369650
