1,Liam,MarketAnalyst,46,AssociatesDegree
2,Olivia,BiomedicalEngineer,48,AssociatesDegree
3,Noah,Plumber,30,AssociatesDegree
4,Emma,Nurse,31,MastersDegree
5,James,PoliceOfficer,41,BachelorsDegree
6,Ava,UltrasoundTechnician,14,GenEdDevelopment
7,Benjamin,Carpenter,23,DoctorateDegree
8,Isabella,CustomsOfficer,11,GenEdDevelopment
9,Lucas,PublicRelations,26,MastersDegree
10,Mia,Economist,48,AssociatesDegree
11,Henry,Pharmacist,2,AssociatesDegree
12,Charlotte,SchoolCounselor,18,MastersDegree
13,Alexander,Paramedic,17,AssociatesDegree
14,Amelia,NetworkEngineer,39,DoctorateDegree
15,Michael,Pilot,4,GenEdDevelopment
16,Evelyn,DentalHygienist,47,GenEdDevelopment
17,William,UXDesigner,21,DoctorateDegree
18,Sophia,Radiologist,3,HighSchool
19,Ethan,ITManager,15,MastersDegree
20,Harper,Paramedic,38,GenEdDevelopment
21,Daniel,TeacherAssistant,36,GenEdDevelopment
22,Scarlett,MechanicalEngineer,30,HighSchool
23,Matthew,ProductManager,45,AssociatesDegree
24,Emily,Pilot,37,AssociatesDegree
25,Aiden,Psychologist,36,DoctorateDegree
26,Elizabeth,TeacherAssistant,49,MastersDegree
27,Jackson,SocialMediaManager,43,DoctorateDegree
28,Sofia,Accountant,11,HighSchool
29,Joseph,AerospaceEngineer,32,GenEdDevelopment
30,Madison,ITManager,38,BachelorsDegree
31,Samuel,CustomsOfficer,10,HighSchool
32,Avery,SalesManager,35,DoctorateDegree
33,David,GraphicDesigner,39,BachelorsDegree
34,Ella,SchoolCounselor,33,DoctorateDegree
35,Owen,ProductManager,30,HighSchool
36,Abigail,OccupationalTherapy,45,BachelorsDegree
37,Elijah,Statistician,11,HighSchool
38,Lily,OperationsManager,26,GenEdDevelopment
39,Christopher,Curator,8,HighSchool
40,Grace,Sociologist,15,HighSchool
41,John,Firefighter,32,DoctorateDegree
42,Eleanor,DentalHygienist,10,MastersDegree
43,Carter,Carpenter,35,DoctorateDegree
44,Zoey,MarketAnalyst,10,DoctorateDegree
45,Wyatt,Teacher,44,DoctorateDegree
46,Violet,DentalHygienist,36,DoctorateDegree
47,Sebastian,PoliceOfficer,47,DoctorateDegree
48,Victoria,GraphicDesigner,47,HighSchool
49,Levi,Biochemist,10,BachelorsDegree
50,Hazel,WildlifeBiologist,18,AssociatesDegree
51,Jack,Archaeologist,23,HighSchool
52,Luna,SalesManager,7,AssociatesDegree
53,Joshua,InvestmentBanker,13,MastersDegree
54,Nora,FlightAttendant,41,BachelorsDegree
55,Andrew,Plumber,35,BachelorsDegree
56,Aria,Firefighter,17,DoctorateDegree
57,Isaac,Radiologist,22,BachelorsDegree
58,Mila,Firefighter,18,MastersDegree
59,Caleb,DataAnalyst,8,GenEdDevelopment
60,Hannah,ManagementConsultant,42,AssociatesDegree
61,Thomas,Chemist,29,DoctorateDegree
62,Penelope,NetworkEngineer,33,HighSchool
63,Nathan,SocialMediaManager,42,AssociatesDegree
64,Layla,BusinessAnalyst,8,AssociatesDegree
65,Julian,Geologist,12,HighSchool
66,Riley,UXDesigner,41,HighSchool
67,Christian,Architect,2,DoctorateDegree
68,Chloe,EnvironmentScientist,45,GenEdDevelopment
69,Dylan,Veterinarian,30,MastersDegree
70,Ellie,NetworkEngineer,23,GenEdDevelopment
71,Jonathan,AgricultureScientist,9,AssociatesDegree
72,Ivy,PoliticalScientist,2,MastersDegree
73,Gabriel,EnvironmentScientist,21,BachelorsDegree
74,Lillian,UrbanPlanner,17,BachelorsDegree
75,Ryan,SystemAdministrator,20,BachelorsDegree
76,Addison,Counselor,49,GenEdDevelopment
77,Luke,Veterinarian,33,DoctorateDegree
78,Aurora,HumanResource,35,MastersDegree
79,Anthony,HumanResource,20,HighSchool
80,Natalie,PhysicalTherapist,37,GenEdDevelopment
81,Nicholas,Doctor,29,MastersDegree
82,Savannah,ITManager,20,BachelorsDegree
83,Adam,TechnicalSupport,45,DoctorateDegree
84,Brooklyn,Curator,13,MastersDegree
85,Aaron,Pilot,19,GenEdDevelopment
86,Leah,MuseumTechnician,14,DoctorateDegree
87,Charles,RealEstateAgent,35,BachelorsDegree
88,Zoe,FinancialAnalyst,21,DoctorateDegree
89,Isaiah,PoliticalScientist,45,BachelorsDegree
90,Stella,UltrasoundTechnician,39,BachelorsDegree
91,Evan,BiomedicalEngineer,38,HighSchool
92,Elena,ContentWriter,29,DoctorateDegree
93,Connor,PublicRelations,12,HighSchool
94,Genesis,Nurse,10,AssociatesDegree
95,Jordan,SpeechPathologist,40,HighSchool
96,Maya,AirTrafficController,48,BachelorsDegree
97,Jeremiah,SystemAdministrator,45,BachelorsDegree
98,Everly,Veterinarian,1,GenEdDevelopment
99,Robert,AgricultureScientist,42,AssociatesDegree
100,Kennedy,Pharmacist,33,MastersDegree
